{"cameraMode":{"drawMode":0,"name":"Shaded","section":"Shading Mode"},"sceneLighting":false,"audioPlay":false,"sceneViewState":{"m_AlwaysRefresh":false,"showFog":true,"showSkybox":false,"showFlares":true,"showImageEffects":true,"showParticleSystems":true,"showVisualEffectGraphs":true,"m_FxEnabled":true},"in2DMode":false,"pivot":{"x":10.529999732971192,"y":1.94000244140625,"z":41.369998931884769},"rotation":{"x":-0.024006225168704988,"y":0.9315885901451111,"z":-0.06722284108400345,"w":-0.35727614164352419},"size":0.9093273878097534,"orthographic":false}