{"cameraMode":{"drawMode":0,"name":"Shaded","section":"Shading Mode"},"sceneLighting":false,"audioPlay":false,"sceneViewState":{"m_AlwaysRefresh":false,"showFog":true,"showSkybox":false,"showFlares":true,"showImageEffects":true,"showParticleSystems":true,"showVisualEffectGraphs":true,"m_FxEnabled":true},"in2DMode":false,"pivot":{"x":-7.384185791015625,"y":4.188111305236816,"z":-10.773885726928711},"rotation":{"x":-0.030239880084991456,"y":0.4492858350276947,"z":-0.015309629030525685,"w":-0.8928155899047852},"size":2.2667322158813478,"orthographic":false}