{"cameraMode":{"drawMode":0,"name":"Shaded","section":"Shading Mode"},"sceneLighting":true,"audioPlay":false,"sceneViewState":{"m_AlwaysRefresh":false,"showFog":true,"showSkybox":true,"showFlares":true,"showImageEffects":true,"showParticleSystems":true,"showVisualEffectGraphs":true,"m_FxEnabled":true},"in2DMode":false,"pivot":{"x":12.342157363891602,"y":-0.08171813189983368,"z":59.34744644165039},"rotation":{"x":0.1594877988100052,"y":0.19043317437171937,"z":-0.02975037693977356,"w":0.9685196280479431},"size":12.12435531616211,"orthographic":false}