{"cameraMode":{"drawMode":0,"name":"Shaded","section":"Shading Mode"},"sceneLighting":false,"audioPlay":false,"sceneViewState":{"m_AlwaysRefresh":false,"showFog":true,"showSkybox":false,"showFlares":true,"showImageEffects":true,"showParticleSystems":true,"showVisualEffectGraphs":true,"m_FxEnabled":true},"in2DMode":false,"pivot":{"x":6.789999961853027,"y":4.599999904632568,"z":29.790000915527345},"rotation":{"x":0.016075434163212777,"y":-0.7082098722457886,"z":0.016178810968995096,"w":0.705671489238739},"size":1.7320507764816285,"orthographic":false}