{"cameraMode":{"drawMode":0,"name":"Shaded","section":"Shading Mode"},"sceneLighting":false,"audioPlay":false,"sceneViewState":{"m_AlwaysRefresh":false,"showFog":true,"showSkybox":false,"showFlares":true,"showImageEffects":true,"showParticleSystems":true,"showVisualEffectGraphs":true,"m_FxEnabled":true},"in2DMode":false,"pivot":{"x":7.192651271820068,"y":3.7009999752044679,"z":35.79015350341797},"rotation":{"x":0.017396701499819757,"y":0.014681435190141201,"z":-0.0002563317830208689,"w":0.9997801780700684},"size":1.7320512533187867,"orthographic":false}